{
  "project": "Simple BUSI Classification",
  "model": "resnet18",
  "image_size": 224,
  "epochs_requested": 20,
  "best_val_macro_f1": 0.8825428830250431,
  "test_metrics": {
    "accuracy": 0.811965811965812,
    "macro_f1": 0.7933549447968051,
    "per_class_precision": {
      "normal": 0.6956521739130435,
      "benign": 0.8983050847457628,
      "malignant": 0.7428571428571429
    },
    "per_class_recall": {
      "normal": 0.8,
      "benign": 0.803030303030303,
      "malignant": 0.8387096774193549
    },
    "per_class_f1": {
      "normal": 0.7441860465116279,
      "benign": 0.848,
      "malignant": 0.7878787878787878
    },
    "macro_ovr_roc_auc": 0.9443199015905792,
    "loss": 0.4484349779593639
  },
  "limitations": [
    "classification only",
    "no segmentation",
    "image-level split",
    "research prototype only"
  ]
}